{
  "IcoMoonType": "selection",
  "icons": [
    {
      "icon": {
        "paths": [
          "M1014.88 926.496c12.192 12.192 12.192 31.968 0 44.192l-44.192 44.192c-12.224 12.192-32 12.192-44.192 0l-309.376-309.376c-3.36-3.36-5.6-7.328-7.104-11.552-63.456 46.368-141.376 74.048-226.016 74.048-212.064 0-384-171.936-384-384s171.936-384 384-384c212.064 0 384 171.936 384 384 0 84.64-27.68 162.56-74.048 226.016 4.224 1.504 8.192 3.712 11.552 7.104l309.376 309.376zM384 128c-141.376 0-256 114.624-256 256s114.624 256 256 256 256-114.624 256-256c0-141.376-114.624-256-256-256z"
        ],
        "attrs": [
          {}
        ],
        "isMulticolor": false,
        "isMulticolor2": false,
        "tags": [
          "search",
          "zoom",
          "magnifier",
          "magnifying glass"
        ],
        "grid": 16
      },
      "attrs": [
        {}
      ],
      "properties": {
        "order": 35,
        "id": 0,
        "prevSize": 32,
        "name": "search"
      },
      "setIdx": 0,
      "setId": 5,
      "iconIdx": 0
    }
  ],
  "height": 1024,
  "preferences": {
    "showGlyphs": true,
    "showQuickUse": true,
    "showQuickUse2": true,
    "showSVGs": true,
    "fontPref": {
      "prefix": "icon-",
      "metadata": {
        "fontFamily": "icomoon"
      },
      "metrics": {
        "emSize": 1024,
        "baseline": 6.25,
        "whitespace": 50
      },
      "embed": false
    },
    "imagePref": {
      "prefix": "icon-",
      "png": false,
      "useClassSelector": true,
      "color": 0,
      "bgColor": 16777215,
      "classSelector": ".icon-search",
      "name": "search-icon",
      "height": 32,
      "columns": 16,
      "margin": 16,
      "minifyJs": true,
      "numPrefix": false
    },
    "historySize": 50,
    "showCodes": true,
    "gridSize": 16
  }
}